sep=,
Steam Regional Wishlisting data for 2026-09-30 - 2026-09-30

DateLocal,Game,CountryCode,Region,Adds,Deletes,PurchasesAndActivations,Gifts
2026-09-30,Bladehold,Australia,Oceania,1,0,0,0
2026-09-30,Bladehold,Brazil,Latin America,5,0,0,0
2026-09-30,Bladehold,Switzerland,Western Europe,1,0,0,0
2026-09-30,Bladehold,Germany,Western Europe,3,0,0,0
2026-09-30,Bladehold,Estonia,Eastern Europe,1,0,0,0
2026-09-30,Bladehold,Finland,Western Europe,2,0,0,0
2026-09-30,Bladehold,France,Western Europe,2,0,0,0
2026-09-30,Bladehold,United Kingdom,Western Europe,1,0,0,0
2026-09-30,Bladehold,Kazakhstan,Central Asia,1,0,0,0
2026-09-30,Bladehold,Mexico,Latin America,1,0,0,0
2026-09-30,Bladehold,Malaysia,South East Asia,1,0,0,0
2026-09-30,Bladehold,Netherlands,Western Europe,1,0,0,0
2026-09-30,Bladehold,Philippines,South East Asia,1,0,0,0
2026-09-30,Bladehold,Poland,Eastern Europe,3,0,0,0
2026-09-30,Bladehold,Russian Federation,Central Asia,1,0,0,0
2026-09-30,Bladehold,Turkey,Middle East,1,0,0,0
2026-09-30,Bladehold,Ukraine,Central Asia,1,0,0,0
2026-09-30,Bladehold,United States,North America,17,0,0,0
