Position,English,Simplified Chinese,German,French,Italian,Spanish - Spain,Korean,Japanese,European Portugese ,Brazilian Portuguese,Russian
Short Description,"Demolish monstrous hordes on horseback or foot, unleash devastating abilities, build the ultimate hero, and protect your fortress with deadly automated defenses in this fast-paced action roguelite.",在这款快节奏动作 Roguelite 游戏中，你将策马驰骋、徒步厮杀，横扫汹涌而来的怪物大军！释放毁天灭地的技能，打造属于你的终极英雄，并凭借致命的自动化防御工事，誓死守护要塞。,"Zu Pferd oder zu Fuß: Mähe ganze Monsterhorden nieder, entfessle verheerende Fähigkeiten, baue deinen ultimativen Helden und verwandle deine Festung mit automatischen Abwehranlagen in eine Todesfalle. Ein rasantes Action-Roguelite.","Annihile des hordes monstrueuses a pied ou à cheval, déchaîne des capacités dévastatrices, construit l'héro ultime et protège ta forteresse grâce a des défenses létales automatisées dans ce roguelike d'action effréné.","Spazza via orde mostruose a cavallo o a piedi, scatena abilità devastanti, crea l'eroe definitivo e difendi la tua fortezza con micidiali difese automatiche in questo frenetico roguelite d'azione.","Aniquila hordas de monstruos a caballo o a pie, desata habilidades devastadoras, crea al héroe definitivo y protege tu fortaleza con defensas automatizadas letales en este roguelite de acción trepidante.","쏟아지는 괴물들로부터 철벽의 자동 방어 요새를 지켜내는 액션 로그라이트. 최강의 영웅, 파괴적인 능력, 말과 두 발로 쏟아지는 적을 쓸어버리세요.",このハイテンポなアクションローグライクで、地上でも馬上でも怪物の群れを殲滅し、圧倒の能力を解放し、究極の英雄を育て、さらに恐るべき自動防衛で要塞を守り抜きましょう。,"Dizima hordas monstruosas a cavalo ou a pé, descobre habilidades devastadoras, cria o herói supremo e protege a tua fortaleza com defesas automáticas letais neste roguelite de ação frenético.","Dizime hordas monstruosas a cavalo ou a pé, descubra habilidades devastadoras, crie o herói supremo e proteja sua fortaleza com defesas automáticas letais nesse roguelite de ação frenético.","Уничтожайте орды чудовищ верхом или пешком, применяйте сокрушительные способности, прокачайте героя до максимума и защитите свою крепость с помощью смертоносных автоматических ловушек в этом динамичном экшн-рогалике."
About this game,"COMBAT YOUR WAY



Agile ranger with sword and bow? Mounted knight to trample your foes? Raging berserker bathing in a bloody bladestorm? Mix and match to become your own custom flavor of destruction.

ELEMENTAL BUILDCRAFTING

Choose game-changing boons each run to infuse your weapons with Fire, Ice, and Lightning. Combine synergies to create devastating chain reactions and melt entire waves in seconds.

GAME DEFINING DECISIONS

Strategically choose where to defend and which enemy captains to provoke.

REST AND RECOVER

Take some time to restock and gather yourself before heading back out to battle.

ENDLESS PROGRESSION

Harvest resources from fallen hordes to unlock permanent character attributes, stronger defensive armaments, and new starting gear back at the stronghold.

UNIQUE WEAPON ABILITIES

Each weapon comes with its own set of upgrades and abilities, making each run equally fresh and rewarding.

AUTOMATED DEFENSES & TRAPS

Fortify your stronghold with deadly stationary defenses. Deploy boiling oil, ballistas, and spiked barricades to shred invading hordes while you hunt down high-threat commanders.

THE FORTRESS UNDER SIEGE

Hold the front line against relentless enemy hordes threatening to breach your gates with siege weapons and boulder hurling trolls.

CHALLENGING BOSSES

Kill enough enemies to lure out one of the Warlords who will put your skills to the test with special attacks and abilities.","定制专属战斗风格
是手持剑弓、身法飘逸的敏捷游侠？还是骑乘重驹、肆意践踏敌阵的铁骑骑士？亦或是化身嗜血狂怒、卷起漫天剑刃风暴的狂战士？随心搭配流派，化身为独一无二的毁灭化身！

元素流派构筑（Build）
在每一局冒险中抉择扭转战局的强力增益/恩赐，为你的兵刃注入烈焰、寒冰与狂雷。触发强力羁绊协同，引爆毁天灭地的连锁反应，瞬息之间融化整片敌军！

决定战局的重大抉择
运筹帷幄，审时度势选择防守要地，并决定挑衅诱杀哪位敌方将领

休整与补给
在大战间隙稍作整顿、补充物资并重聚力量，随后再度奔赴沙场

无尽长线养成
从溃败的怪物身上掠夺海量资源，返回大本营解锁永久角色属性、强化防御武装，调配全新的初始强力装备，为下一次征程蓄力！

独特的武器专属技能
每种武器都拥有独立的升级分支与专属技能。每一次出征，都能为你带来耳目一新的手感与爽快感爆棚的战斗收益。

自动化防御与致命陷阱
用致命的固定防御工事加固你的大本营。布置滚烫的沸油、重型床弩与尖刺路障，在陷阱绞碎大批杂兵的同时，你集中火力斩杀高危敌方头目！

坚守要塞，寸步不退
直面如潮水般汹涌的敌军大狂潮！巨石投掷巨魔与攻城重械步步紧逼，誓要砸碎要塞大门——坚守前线，将他们彻底碾碎！

极具挑战的史诗强敌
击杀足够的敌军，引出威震一方的敌方军阀！他们身怀独特绝技与狂暴招式，唯有拿出真正的硬实力才能将其彻底终结。","DEIN KAMPFSTIL, DEINE REGELN
Flinker Waldläufer mit Schwert und Bogen? Ritter hoch zu Ross, der seine Feinde niederreitet? Oder rasender Berserker im blutigen Klingensturm? Kombiniere nach Lust und Laune und erschaffe deine ganz eigene Spielart der Zerstörung.

ELEMENTARE BUILDS
Wähle in jedem Run Segen, die das Spiel auf den Kopf stellen, und verstärke deine Waffen mit Feuer, Eis und Blitz. Löse mit den richtigen Synergien verheerende Kettenreaktionen aus und lass ganze Gegnerwellen in Sekunden dahinschmelzen.

JEDE ENTSCHEIDUNG ZÄHLT
Plane klug voraus, wo du die Stellung hältst und welchen feindlichen Hauptmann du dir vorknöpfst.

KURZ DURCHATMEN
Füll deine Vorräte auf und sammle neue Kraft, bevor es zurück in die Schlacht geht.

MIT JEDEM RUN STÄRKER
Plündere die gefallenen Horden und schalte in deiner Festung dauerhafte Heldenattribute, stärkere Verteidigungswaffen und neue Startausrüstung frei.

EINZIGARTIGE WAFFEN
Jede Waffe bringt ihre eigenen Upgrades und Fähigkeiten mit. So fühlt sich jeder Run frisch an und belohnt aufs Neue.

FALLEN & AUTOMATISCHE ABWEHR
Rüste deine Festung mit tödlichen Abwehranlagen auf. Kochendes Öl, Ballisten und Stachelbarrikaden zerfetzen die anstürmenden Horden, während du selbst Jagd auf die gefährlichsten Kommandanten machst.

DIE TORE DÜRFEN NICHT FALLEN
Halte die Front gegen unerbittliche Horden, die mit Belagerungsgerät und Felsen schleudernden Trollen deine Tore einreißen wollen.

KNALLHARTE BOSSE
Erledige genug Gegner und einer der Kriegsherren betritt das Schlachtfeld. Mit seinen Spezialangriffen und Fähigkeiten verlangt er dir alles ab.","Combat à ta manière

Un rôdeur avec une épée et un arc ? Un chevalier à monture pour terrasser tes ennemis ? Un berserker enragé baignant dans une tempête de lames sanglante ? Mélange et combine pour créer ton propre goût personnalisé de destruction.

Création de builds élémentaires

Choisis tes bénédictions pour retourner la situation à chaque run et infuser tes armes avec du feu, de la glace ou de la foudre. Combine des synergies pour créer des réactions en chaîne dévastatrices et faire fondre des vagues d'ennemis en quelques secondes.

Des décisions définissant ta partie

Choisis stratégiquement où défendre et quels capitaines ennemis provoquer.

Repose-toi et récupère.

Prends du temps pour te restocker et te ressourcer avant de retourner au combat.

Une progression sans fin

Récolte des ressources sur les hordes tombées au combat pour débloquer des attributs permanents pour ton héros, un meilleur armement défensif et un meilleur équipement de départ au bastion.

Des capacités d'armes uniques

Chaque arme a son propre set d'améliorations et de compétences, rendant chaque run unique et récompensant.

Des défenses automatisées et des pièges

Fortifie ton bastion avec des défenses létales stationnaires. Déploie de l'huile bouillante, des balistes et des barricades de pics pour détruire des hordes d'envahisseurs pendant la traque de dangereux commandants.

La forteresse sous siège

Repousse tes ennemis en première ligne face à des hordes d'ennemis impitoyables qui menacent de détruire tes portes avec des armes de siège et des trolls lanceurs de rochers.

Des boss redoutables

Tue assez d'ennemis pour attirer l'un des chefs de guerre, qui mettra tes compétences à l'épreuve avec des attaques spéciales et des capacités.","

COMBATTI A MODO TUO


Ranger agile con spada e arco? Cavaliere in sella pronto a travolgere i nemici? O berserker furioso immerso in una tempesta di lame sanguinaria? Combina gli stili e crea la tua ricetta personale di distruzione.


CREA LA TUA BUILD ELEMENTALE


A ogni run, scegli doni rivoluzionari per infondere le tue armi con Fuoco, Ghiaccio e Fulmine. Sfrutta le sinergie per innescare reazioni a catena devastanti e sciogliere intere ondate in pochi secondi.


DECISIONI DETERMINANTI


Scegli con astuzia dove piazzare le difese e quali capitani nemici provocare.


RIPOSO E RECUPERO


Prenditi una pausa per fare rifornimento e riordinare le idee prima di ributtarti nella mischia.


PROGRESSIONE INFINITA


Raccogli le risorse lasciate dai nemici sconfitti per sbloccare attributi permanenti per il personaggio, armamenti difensivi più potenti e nuovo equipaggiamento di partenza una volta tornato alla fortezza.


ABILITÀ UNICHE PER OGNI ARMA


Ogni arma include un proprio set di potenziamenti e abilità, rendendo ogni run sempre nuova e appagante.


TRAPPOLE E DIFESE AUTOMATICHE


Rinforza la tua roccaforte con letali difese fisse. Schiera olio bollente, baliste e barricate chiodate per fare a pezzi le orde d'invasione mentre dai la caccia ai comandanti più pericolosi.


LA FORTEZZA SOTTO ASSEDIO


Difendi la prima linea contro orde inarrestabili pronte a sfondare i tuoi cancelli con macchine d'assedio e troll lancia-macigni.


BOSS IMPEGNATIVI


Elimina abbastanza nemici per attirare allo scoperto uno dei Signori della Guerra, pronto a mettere a dura prova i tuoi riflessi con abilità e attacchi speciali.
","


COMBATE A TU MANERA

¿Un ágil explorador con espada y arco? ¿Un soldado a caballo para aplastar a tus enemigos? ¿Un furioso berserker envuelto en una sangrienta tormenta de acero? Combina diferentes formas de luchar para crear tu propio estilo de destrucción.

CONFIGURACIONES ELEMENTALES

Elige bendiciones que cambien el curso de la partida para imbuir tus armas con fuego, hielo y rayos. Aprovecha las sinergias para crear devastadoras reacciones en cadena y aniquilar oleadas enteras en segundos.

DECISIONES CON PESO

Elige estratégicamente dónde defender y a qué capitanes enemigos atraer.

DESCANSA Y RECUPÉRATE

Tómate un tiempo para reabastecerte y recomponerte antes de volver a la batalla.


HABILIDADES ÚNICAS DE LAS ARMAS


Cada arma cuenta con su propio conjunto de mejoras y habilidades, lo que hace que cada partida se sienta fresca y gratificante.


DEFENSAS AUTOMATIZADAS Y TRAMPAS


Fortalece tu bastión con defensas estáticas letales. Despliega aceite hirviendo, balistas y barricadas con púas para destrozar a las hordas invasoras mientras das caza a los comandantes más peligrosos.


JEFES DESAFIANTES


Elimina suficientes enemigos para atraer a uno de los Señores de la Guerra, quienes pondrán a prueba tus habilidades con ataques y capacidades especiales.


LA FORTALEZA BAJO ASEDIO


Mantén la el frente ante implacables hordas enemigas que amenazan con romper tus puertas usando armas de asedio y troles lanzadores de rocas.


PROGRESIÓN INFINITA


Recolecta recursos de las hordas derrotadas para desbloquear atributos permanentes del personaje, armamento defensivo más potente y nuevo equipo inicial en tu bastión. ","당신만의 전투 방식.

검과 활을 다루는 신출귀몰한 레인저.  
적을 짓밟는 마상의 기사.  
피로 검을 물들이는 광폭한 버서커.  
당신의 빌드로 적들을 파괴하세요.

원소 빌드.  
매 라운드마다 무기에 깃드는 불, 얼음, 번개의 속성으로 게임의 판도를 뒤집으세요.  
파괴적인 속성 시너지를 만든다면, 몰려오는 웨이브를 녹여버릴 수 있습니다.

방어 전략 구성.  
어디서 방어할지, 어떤 적을 상대할지는 당신의 전략에 달려 있습니다.

휴식과 재정비  
다음 전투가 기다립니다.  
물자를 보급하고, 전열을 가다듬으세요.

끝없는 진행.  
적들의 전리품을 수집하여 새로운 캐릭터를 해금하고, 요새 방어 물자와 새로운 스타팅 장비를 획득하세요.

고유 무기의 능력  
각 무기에는 고유의 업그레이드 트리와 능력들이 담겨 있습니다.  
매 라운드를 새롭고 보람 있게 만들어 줄 겁니다.

오토디펜스 & 함정  
전선에 방어탑과 바리케이드, 각종 함정을 설치하여 요새로 몰려드는 적들을 갈아버리는 동안 당신의 영웅은 적들의 우두머리를 직접 사냥해야 합니다.

포위당한 성채.  
공성 무기와 바위를 던지는 트롤들이 올 겁니다.  
당신이 얼마나 버틸 수 있을지 지켜보겠습니다.

보스전.  
많은 적들을 처치하면 강력한 워로드 중 하나가 모습을 드러낼 겁니다.  
당신의 모든 것을 쏟아부어 워로드를 저지하세요.","あなただけの戦い方
剣と弓を操る機敏なレンジャー、敵を踏み潰す騎兵、血の剣雨に身を投じる凶戦士──自由に組み合わせ、自分だけの破壊を組み上げましょう。

元素とビルド
各ランでバフを選び、武器に「炎」「氷」「雷」を宿しましょう。それらのシナジーで破滅的な連鎖を生み、敵の波を瞬時に一掃できます。

運命の決断
どこで守るか、どの敵に挑むか？すべてあなたの戦略次第です。

休息、補給
戦いの合間には、息と物資を整えましょう。

無限大の成長
拠点で、永続的なパワーアップ、より強力な防衛...そして新たな初期装備を、戦利品を用いてアンロックできます。

すべての武器に固有能力
武器ごとに完全に独自の能力とアップグレードが用意されています。新鮮さと達成感を毎ラン感じられるでしょう。

自動防衛と罠
拠点を劇的な固定防衛装置で要塞化。熱湯から棘の障壁、バリスタをも駆使して大群を蹂躙し、強敵はあなたの手で。

敵の包囲
トロールたちの投石や攻城兵器の容赦ない敵軍に、門を突破されないよう前線を死守しましょう。

手強いボスたち
多くの敵を倒すとボスが姿を現します。特殊な攻撃・能力であなたの腕を試してきます──。","COMBATE À TUA MANEIRA


Um ranger ágil de espada e arco? Um cavaleiro pronto a atropelar os inimigos? Um berserker furioso mergulhado numa tempestade sangrenta de lâminas? Combina os elementos à tua maneira para criares o teu próprio estilo de destruição.

CRIAÇÃO DE BUILDS ELEMENTAIS

Escolhe dádivas revolucionárias em cada partida para infundires as tuas armas com Fogo, Gelo e Relâmpagos. Combina sinergias para criar reações em cadeia devastadoras e aniquilar vagas inteiras de inimigos em questão de segundos.

DECISÕES QUE DEFINEM O JOGO

Escolhe estrategicamente as zonas a defender e quais os capitães inimigos que queres provocar.

DESCANSA E RECUPERA

Tira algum tempo para te reabasteceres e recompores antes de voltares à batalha.

PROGRESSÃO INFINITA

Recolhe recursos das hordas derrotadas para desbloqueares atributos permanentes para o teu herói, armamento defensivo mais forte e novo equipamento inicial para quando voltares aos portões da fortaleza.

HABILIDADES DE ARMA ÚNICAS

Cada arma conta com o seu próprio conjunto de melhorias e habilidades, tornando cada partida inédita e igualmente gratificante.

DEFESAS AUTOMATIZADAS & ARMADILHAS

Fortifica a tua fortaleza com defesas estacionárias letais. Instala óleo a ferver, balistas e barricadas com espigões para dizimares as hordas invasoras enquanto persegues comandantes altamente perigosos.

A FORTALEZA SOB CERCO

Mantém a linha da frente contra hordas inimigas implacáveis que ameaçam romper os teus portões com armas de cerco e trolls que fazem chover pedras.

CHEFES DESAFIANTES

Mata inimigos suficientes para atraíres um dos Senhores da Guerra, que vai pôr as tuas habilidades à prova com ataques e habilidades especiais.","LUTE DO SEU JEITO

Um ranger ágil de espada e arco? Um cavaleiro pronto para atropelar os inimigos? Um berserker furioso mergulhado em uma tempestade sangrenta de lâminas? Combine os elementos do seu jeito para criar seu próprio estilo de destruição.

CRIAÇÃO DE BUILDS ELEMENTAIS

Escolha dádivas revolucionárias em cada partida para infundir suas armas com Fogo, Gelo e Relâmpagos. Combine sinergias para criar reações em cadeia devastadoras e aniquilar ondas inteiras de inimigos em questão de segundos.

DECISÕES QUE DEFINEM O JOGO

Escolha estrategicamente as áreas para defender e quais capitães inimigos você quer provocar.

DESCANSE E RECUPERE-SE

Tire um tempo para se reabastecer e se recompor antes de voltar à batalha.

PROGRESSÃO INFINITA

Colete recursos das hordas derrotadas para desbloquear atributos permanentes para seu herói, armamentos defensivos mais fortes e novos equipamentos iniciais para usar quando voltar aos portões da fortaleza.

HABILIDADES DE ARMAS ÚNICAS

Cada arma conta com seu próprio conjunto de melhorias e habilidades, tornando cada partida inédita e igualmente gratificante.

DEFESAS AUTOMATIZADAS & ARMADILHAS

Fortifique sua fortaleza com defesas estacionárias letais. Instale óleo fervente, balistas e barricadas com espinhos para dizimar as hordas invasoras enquanto caça comandantes altamente perigosos.

A FORTALEZA SOB CERCO

Mantenha a linha de frente contra hordas inimigas implacáveis que ameaçam romper seus portões com armas de cerco e trolls que fazem chover pedras.

CHEFES DESAFIANTES

Mate inimigos suficientes para atrair um dos Senhores da Guerra, que colocará suas habilidades à prova com ataques e habilidades especiais.","СРАЖАЙТЕСЬ ПО-СВОЕМУ
‎
‎Ловкий следопыт с мечом и луком? Конный рыцарь, топчущий своих врагов копытами? Яростный берсерк, купающийся в кровавом вихре клинков? Комбинируйте и создавайте свой собственный рецепт уничтожения.
‎
‎СТИХИЙНЫЕ БИЛДЫ
‎
‎Выбирайте меняющие ход игры бонусы в каждом забеге, чтобы наполнить ваше оружие огнем, льдом и молнией. Комбинируйте синергии, чтобы создавать разрушительные цепные реакции и уничтожать целые волны врагов за секунды.
‎
‎РЕШЕНИЯ, ОПРЕДЕЛЯЮЩИЕ ИГРУ

‎Стратегически выбирайте, где обороняться и каких вражеских Капитанов провоцировать.
‎
‎ОТДЫХ И ВОССТАНОВЛЕНИЕ
‎
‎Потратьте немного времени, чтобы пополнить запасы и собраться с силами, прежде чем снова отправиться в бой.
‎
‎БЕСКОНЕЧНЫЙ ПРОГРЕСС
‎
‎Собирайте ресурсы с павших врагов, чтобы разблокировать постоянные атрибуты для персонажа, более мощное защитное вооружение и новое стартовое снаряжение — всё в вашей крепости.
‎
‎УНИКАЛЬНЫЕ СПОСОБНОСТИ ОРУЖИЯ
‎
‎Каждое оружие имеет свой собственный набор улучшений и способностей, благодаря которым каждый забег становится свежим и приносящим отдачу.
‎
‎АВТОМАТИЗИРОВАННАЯ ОБОРОНА И ЛОВУШКИ
‎
‎Укрепите свою крепость смертоносными оборонительными сооружениями. Развёртывайте кипящее масло, баллисты и шипастые баррикады, чтобы уничтожать орды захватчиков, пока вы выслеживаете опасных Командиров.
‎
‎ОСАДА КРЕПОСТИ
‎
‎Держите линию фронта против вражеских орд, угрожающих прорваться через ваши ворота с помощью осадных орудий и троллей, мечущих валуны.
‎
‎БОССЫ, БРОСАЮЩИЕ ВЫЗОВ
‎
‎Убейте достаточно врагов, чтобы выманить одного из Военачальников, который проверит ваши навыки с помощью убийственных атак и способностей. 
‎"
Translator (for credit),,Lily Liu,Finn C and Alexandaer Kreitner,Etienne Godart (Touillant),ShardaForge,Adrian Estremera,김민재,whitebit,Joana Gomes,Joana Gomes,Kirill Borovinin (ReggiRi)